1,"[0.6178614878474834, 0.0, 0]"
0,"[0.0, 0.0]"
2,"[-1.3254590157859831, 0.0]"
3,"[-1.0215633588371655, 0.004979831392877527]"
5,"[2.8438127650380656, 1.4901161193847656e-08]"
6,"[0.15094620563385697, -0.15126982383082874]"
8,"[1.9655875729351795, 2.1073424255447017e-08]"
9,"[-1.7323247595112676, 0.0031459438399646547]"
11,"[-0.5969978631723588, 0.0]"
12,"[-0.7357323780630252, 0.0012263121874085056]"
1,"[0.6178614878474834, 0.0, 0]"
0,"[0.0, 0.0]"
2,"[-1.357399878269585, -0.014006141425437883]"
3,"[-1.0635563283169942, -0.0039884678327771995]"
5,"[2.8942640757077585, 0.0018374811901540361]"
6,"[0.2501899989702935, 0.0017794196409174948]"
8,"[2.009958327117076, 0.0017033694659901785]"
9,"[-1.7265890380385007, 0.0028488104172481824]"
11,"[-0.6168814256704712, 0.0011256642848114036]"
12,"[-0.7789510761610138, -0.0014634490614923315]"
1,"[0.6243244671907711, -0.008691142935284689, 0]"
0,"[0.0, 0.0]"
2,"[-1.3372917323677214, 0.13343668251053142]"
3,"[-1.0522363725633648, -0.12971187188574199]"
5,"[2.947755729539266, -0.017277735658823543]"
6,"[0.2689254620940955, 0.1791766922579478]"
8,"[1.943330727536196, -0.022832694887268384]"
9,"[-1.678226124215864, 0.038407654560308674]"
11,"[-0.6413670334414303, 0.01781867801991181]"
12,"[-0.7861393639887516, -0.011283200542063313]"
1,"[0.7079948736637922, 0.0, 0]"
0,"[0.0, 0.0]"
2,"[-1.4766467850347076, -0.014270143145753818]"
3,"[-1.0229564968702838, -0.007289155268891328]"
5,"[3.012841574371738, 0.0010261078573359785]"
6,"[0.17231237582790002, 0.011679545215477908]"
8,"[2.1303797460081446, 0.0019170201528766406]"
9,"[-1.2386596893621, 0.003293146043526379]"
11,"[-0.3528156865007975, 0.0011139651239751365]"
12,"[-0.6447051022638449, -0.0021687425408912202]"
1,"[0.7079948736637922, 0.0, 0]"
0,"[0.0, 0.0]"
2,"[-1.4800738817083614, -0.014050364264926018]"
3,"[-1.02495223698754, -0.007245518433905132]"
5,"[3.013078225108532, 0.001057614987738178]"
6,"[0.17071563303361528, 0.00836983366428605]"
8,"[2.13128876589972, 0.002114047176694764]"
9,"[-1.2199818192404823, 0.002210827543300466]"
11,"[-0.34246565771406884, 0.0006151290870979152]"
12,"[-0.6307403444430668, -0.0013200655826841074]"
1,"[0.652758445514247, -0.0016477643320678603, 0]"
0,"[-0.0, -0.03844259002118792]"
2,"[-1.5424931073309716, 0.01053918940817795]"
3,"[-0.996112696163145, -0.06330434556742594]"
5,"[-3.0003947533376865, 0.001057695349179547]"
6,"[0.18143227058374112, 0.33834609350302774]"
8,"[1.5160913227571102, 0.018198700152979693]"
9,"[-0.8961094043440974, 0.014594607332685382]"
11,"[-0.3558115700026588, -0.007942462158493053]"
12,"[-0.6556489837881165, 0.025415918974615623]"
1,"[0.6099846936288096, 0.0, 0]"
0,"[-0.1331363275516477, 0.0]"
2,"[-1.6281889079439993, -0.012832863271799048]"
3,"[-0.9555854627724466, -0.007484207076936948]"
5,"[-2.8355702644587586, 0.0025319908953480926]"
6,"[-0.06941274883162878, -0.0005526080631118872]"
8,"[0.7829330437057033, 0.0058189319900364]"
9,"[-0.48614256513558224, 0.0006887005412456354]"
11,"[-0.544108282909345, 0.0005743695893461594]"
12,"[-1.0879911391766575, -0.0008679549725531827]"
1,"[0.6099846936288096, 0.0, 0]"
0,"[-0.1331363275516477, 0.0]"
2,"[-1.6300894213181838, -0.01330088421718842]"
3,"[-0.9565420832728531, -0.008879022703854832]"
5,"[-2.8327060513297138, 0.0024135917206412195]"
6,"[-0.07198168812224627, -0.0031491608014093207]"
8,"[0.7596002189718867, 0.0030091534548923908]"
9,"[-0.49664007881274913, 0.0019786358386488265]"
11,"[-0.5508270671426808, 0.0008759803505213068]"
12,"[-1.1078760077204222, -0.0019905334469880916]"
1,"[0.6073679932975844, -0.0037305933353135533, 0]"
0,"[-0.13647072660797474, 0.018837259163984998]"
2,"[-1.7849007315550534, -0.0036850484134559464]"
3,"[-0.9552732909837276, -0.020941673334869806]"
5,"[-2.374812069569584, -0.015323867254372202]"
6,"[-0.06936766238178965, -0.12634644315314572]"
8,"[0.6095433937849649, 0.029425234727133893]"
9,"[-0.43292957255823217, -0.017919793760974807]"
11,"[-0.4924725174202272, -0.00779386515620968]"
12,"[-0.9975916579807322, 0.01962407932627898]"
1,"[0.6325723111307974, 1.4901161193847656e-08, 0]"
0,"[-0.0713982524654724, 1.4901161193847656e-08]"
2,"[-1.9496970226614156, -0.010531144682315533]"
3,"[-0.9535615869841854, -0.007383270676717793]"
5,"[-1.9615784527005218, 0.009259066059692424]"
6,"[0.024110594545066533, -0.022980912373472884]"
8,"[0.3294373322715224, 0.0040223563527249885]"
9,"[-0.483822254973007, 0.0008921870672628902]"
11,"[-0.5728145876345395, 0.0010190391828231442]"
12,"[-1.1275487442869818, -0.0022076180461350716]"
1,"[0.6325723111307974, 1.4901161193847656e-08, 0]"
0,"[-0.0713982524654724, 1.4901161193847656e-08]"
2,"[-1.9530173764215029, -0.011421465267552045]"
3,"[-0.956683912117535, -0.009138349644415152]"
5,"[-1.953148427841606, 0.007647099671325355]"
6,"[0.04182381188894613, 0.0006807366517513618]"
8,"[0.31995035557634316, 0.0021675392448507265]"
9,"[-0.49488475339272725, 0.002765079695415969]"
11,"[-0.5758284603190366, 0.0011827713408968082]"
12,"[-1.1345033798876196, -0.002696755343636218]"
1,"[0.6490322754194188, 0.0013765668882886933, 0]"
0,"[-0.0720160118614851, -0.020373356266091054]"
2,"[-1.9733694911524218, -0.04725303006713619]"
3,"[-0.9496962135141059, 0.048169386253098044]"
5,"[-1.9360295097828486, -0.021962637129158667]"
6,"[0.043775310581572906, -0.16987478787358207]"
8,"[0.31672838939788034, 0.003545890159688982]"
9,"[-0.48936927223535587, 0.005194689888571662]"
11,"[-0.5895525969905944, 0.027009933504604493]"
12,"[-1.1736069659372976, -0.004330078962517017]"
1,"[0.654800423600453, 0.0, 0]"
0,"[-0.14787810276003813, 1.4901161193847656e-08]"
2,"[-1.9633458452645476, -0.011265620304176582]"
3,"[-0.9554888476883087, -0.008222511393528286]"
5,"[-1.989235645312137, 0.00779350185215068]"
6,"[0.17525795368785796, 0.0022448146497994295]"
8,"[0.3065903644659064, 0.0021232420721592963]"
9,"[-0.4707507657943924, 0.002866721844162137]"
11,"[-0.16338036630761824, 0.0011558585547185377]"
12,"[-1.1940433113556472, -0.003538551120643366]"
1,"[0.654800423600453, 0.0, 0]"
0,"[-0.14787810276003813, 1.4901161193847656e-08]"
2,"[-1.962837170563617, -0.011443187498043874]"
3,"[-0.9553617046418814, -0.0075800940455089125]"
5,"[-1.9912027830866885, 0.007934716727353687]"
6,"[0.1785436217290514, 0.00780417676512819]"
8,"[0.3062489551511445, 0.0020546606389988905]"
9,"[-0.4704278938018811, 0.0028162038933946614]"
11,"[-0.1483144602547961, 0.00032181478334229697]"
12,"[-1.183610933864465, -0.002667021142121484]"
1,"[0.6382051575474165, 0.01623383185560379, 0]"
0,"[-0.14463205152470304, -0.035350203705048586]"
2,"[-2.047058431017928, -0.023203322701680993]"
3,"[-0.9452387519579497, 0.009641490154325336]"
5,"[-1.5538073619270631, 0.028681940999294712]"
6,"[0.1765961410156056, 0.033137080401190046]"
8,"[0.2553266522979243, 0.0006107274519100128]"
9,"[-0.396143111062973, 0.057113831944660076]"
11,"[-0.21739778583863067, -0.01643177707227413]"
12,"[-1.5302484080452703, -0.003450043311440895]"
1,"[0.4985043402747523, 1.4901161193847656e-08, 0]"
0,"[-0.26510306459334837, 0.0]"
2,"[-2.1227099365413693, -0.009908061431621644]"
3,"[-0.9395950656212352, -0.006667498421013041]"
5,"[-1.0720173870974001, 0.015594920662891474]"
6,"[0.1567234686267429, -0.013274804361276153]"
8,"[0.21105359125698606, 0.0025744290477891308]"
9,"[-0.11393745332910492, 0.003103901845260564]"
11,"[-0.8150089047061169, 0.00022069369245293006]"
12,"[-1.8725464581619171, -0.000986691956188927]"
1,"[0.4985043402747523, 1.4901161193847656e-08, 0]"
0,"[-0.26510306459334837, 0.0]"
2,"[-2.124038762775082, -0.01033465199181762]"
3,"[-0.9408857002076104, -0.007110536125184823]"
5,"[-1.0582019531877251, 0.010827701801047142]"
6,"[0.17227624426521562, 0.006296209697351383]"
8,"[0.20951627422043695, 0.00212956752690044]"
9,"[-0.10559848645139636, 0.000997451363339036]"
11,"[-0.8359422751818026, 0.0008197927649108269]"
12,"[-1.8922157351052444, -0.0019596990000548876]"
1,"[0.5303254239253007, -0.0024211195788490397, 0]"
0,"[-0.27399967945648257, 0.016573068112620545]"
2,"[-1.9236303289970584, -0.08882866146439627]"
3,"[-1.0361879918545047, 0.07726012952539626]"
5,"[-0.8564473120811584, -0.06833909539599084]"
6,"[0.23597137406655808, -0.0417524515077801]"
8,"[0.18226849660275798, -0.04492858010713322]"
9,"[-0.1129346270515417, 0.06244851016729146]"
11,"[-0.7179945783673204, 0.0006341296611175319]"
12,"[-1.9276897682592924, -0.01669717133839652]"
1,"[0.5829135889557342, 0.0, 0]"
0,"[-0.22131444234779138, 0.0]"
2,"[-1.6386417000134132, -0.015011365500467345]"
3,"[-1.1427043395780763, -0.0053933579611507515]"
5,"[-0.7759561025977777, 0.01509730633743832]"
6,"[0.35767540960634503, 0.0030718665987380564]"
8,"[0.2743603285769427, 0.002407661937637545]"
9,"[0.15605618983693878, 0.0015887514281297532]"
11,"[-0.6069070650871273, 0.0010414494157314166]"
12,"[-1.7772897000008, -0.0020041084634265425]"
1,"[0.5829135889557342, 0.0, 0]"
0,"[-0.22131444234779138, 0.0]"
2,"[-1.6319247046356826, -0.013306821841666892]"
3,"[-1.1394194853609534, -0.00448700488819895]"
5,"[-0.7734998624484816, 0.013036530344521378]"
6,"[0.3646721202195105, 0.009087300023247424]"
8,"[0.27747584811224024, 0.0037304928463408145]"
9,"[0.16856941727477218, -0.001183974530539333]"
11,"[-0.6032311117138717, 0.0008804898705668902]"
12,"[-1.7687460365909533, -0.0017643358295409077]"
1,"[0.5750147109805118, -0.0195845987932223, 0]"
0,"[-0.22120926035923308, 0.019560220788675187]"
2,"[-1.5817638472198052, -0.07341568549283861]"
3,"[-1.1282827270427602, 0.12072984429175009]"
5,"[-0.794453375668221, -0.16941802681251064]"
6,"[0.3398109447916932, -0.22715487702973355]"
8,"[0.26832948628834447, 0.021565670440430076]"
9,"[0.1692002570499263, 0.03703132280625154]"
11,"[-0.5176514748901373, -0.01047762640175246]"
12,"[-1.6484323081066976, 0.014316588313762021]"
1,"[0.7262941031253782, 2.1073424255447017e-08, 0]"
0,"[-0.14787811490401925, 2.1073424255447017e-08]"
2,"[-1.4587736895265748, -0.014502957839133418]"
3,"[-1.1249175949841272, -0.002583939739318828]"
5,"[-1.0589625615779164, 0.013178496409662536]"
6,"[0.5452146925473526, 0.010103354756464171]"
8,"[0.21780723725100007, 0.003946527583366994]"
9,"[0.3391364421444414, -0.001660393098563711]"
11,"[-0.6138265925429922, 0.0010672499330966001]"
12,"[-1.7353196669924178, -0.001962632312462699]"
1,"[0.7262941031253782, 2.1073424255447017e-08, 0]"
0,"[-0.14787811490401925, 2.1073424255447017e-08]"
2,"[-1.4556061098605046, -0.013811594984223415]"
3,"[-1.1226445258885782, -0.000742150139273646]"
5,"[-1.0657021875899886, 0.014946874877681014]"
6,"[0.5453521719524215, 0.015076732685038258]"
8,"[0.21607010902140514, 0.0031843698971494357]"
9,"[0.34294719247718847, -0.0026322756729578642]"
11,"[-0.6174806304855365, 0.0012619958810841231]"
12,"[-1.7403880603079285, -0.0021840877581545725]"
1,"[0.7179112670288403, 0.005331763310417864, 0]"
0,"[-0.145191920048973, 0.03919560192705715]"
2,"[-2.4935215662573427, -0.1598780506696976]"
3,"[-0.9827020842720934, 0.1439340675648385]"
5,"[-0.9596962770911156, -0.15840040324451723]"
6,"[0.6154274589669549, 0.042381441954945524]"
8,"[0.1865474573116484, 0.01087851731335237]"
9,"[0.31274780857181894, -0.03351956968442747]"
11,"[-0.6277228818387308, -0.01946371731224929]"
12,"[-1.5037640864236195, 0.005829586037052229]"
1,"[0.667890143689788, 0.0, 0]"
0,"[0.0, 0.0]"
2,"[2.6175543504505434, 0.004771617630324213]"
3,"[-0.7480611961382342, 0.038025075029366986]"
5,"[-1.0112235785338914, 0.0178914328714702]"
6,"[0.6518670123542425, 0.01291811445118521]"
8,"[0.1448703531309483, 0.00377296218089259]"
9,"[0.17089143402136006, -0.0033556368986271986]"
11,"[-0.9457794619964686, 0.001250459276427959]"
12,"[-1.3540656589705498, -0.0024221747978779326]"
1,"[0.667890143689788, 0.0, 0]"
0,"[0.0, 0.0]"
2,"[2.7154540983488644, -0.004185381467893777]"
3,"[-0.6516827065106678, 0.004301535752969844]"
5,"[-1.011939331507303, 0.015736770719287623]"
6,"[0.651867035385406, 0.014301410443749555]"
8,"[0.14342131814379483, 0.002922009787365084]"
9,"[0.16455022745165257, -0.0016265932881334047]"
11,"[-0.9568945853735147, 0.0018718171427686853]"
12,"[-1.3579909926857199, -0.0027535574801759066]"
1,"[0.7525202416231556, 0.013517322247006074, 0]"
0,"[0.0, -0.02127338602406181]"
2,"[2.495680830725766, -0.0980359858814327]"
3,"[-0.761110470591124, 0.25933491562517796]"
5,"[-0.9593742566041169, -0.1029959052575886]"
6,"[0.6489493582503798, 0.019061057556529808]"
8,"[0.12846338817905542, 0.003348218592260372]"
9,"[0.24481810150569988, 0.00456529178847942]"
11,"[-1.070465002946174, -0.00954576620726848]"
12,"[-1.4779372751894464, -0.051604107522748896]"
1,"[0.7059807756538209, 0.0, 0]"
0,"[-0.08690179078306168, 0.0]"
2,"[2.110791654308004, -0.009342496955071113]"
3,"[-0.8271479433196434, -0.0003517354737137341]"
5,"[-0.9877397006254596, 0.017205203598616072]"
6,"[0.6394547785327358, 0.013735359059500334]"
8,"[0.11344771025916969, 0.003273666793331146]"
9,"[0.36640793812596184, -0.0012270914787427148]"
11,"[-1.3512813554869765, 0.0016327106996964287]"
12,"[-0.9252735815633596, -0.0019083288348763334]"
1,"[0.7059807756538209, 0.0, 0]"
0,"[-0.08690179078306168, 0.0]"
2,"[2.1051621019429554, -0.007780778700915329]"
3,"[-0.8368115854015221, 0.01172349048927066]"
5,"[-0.9879423323599567, 0.01512631574045579]"
6,"[0.6387068701156497, 0.014259237484149317]"
8,"[0.11292619706262506, 0.0028917665318353544]"
9,"[0.36999490592678386, -0.0017349022954916552]"
11,"[-1.3601463171317012, 0.0020508886496506426]"
12,"[-0.9127111448633687, -0.0014896519210659672]"
1,"[0.7808305789063019, -0.0062829861062348134, 0]"
0,"[-0.0971384910116189, 0.02127338602406181]"
2,"[1.785418229523975, -0.10805182510335584]"
3,"[-0.801909124020816, 0.27972624790922757]"
5,"[-2.2196980559402038, -0.06806051435630582]"
6,"[1.856411926032496, 0.016530886213013348]"
8,"[0.09965584778851325, -0.18645981737377146]"
9,"[2.5318831461222238, 0.028589764662802726]"
11,"[-2.255775173034868, -0.017423361066550666]"
12,"[-2.1185005759942337, 0.05136819941993205]"
1,"[0.9272952180016121, 0.0, 0]"
0,"[0.0, 0.0]"
2,"[1.209076748757914, -0.013814061654431477]"
3,"[-0.6703767800264909, -0.0003484287892599917]"
5,"[2.819536957242186, -0.0029773838907787673]"
6,"[-3.0969156575515817, 0.0005013825816268617]"
8,"[0.2792100231916373, 0.0015357717139049872]"
9,"[-1.9262074193106251, 0.0021326688743910347]"
11,"[3.1056683461342995, -5.5966958286630054e-05]"
12,"[3.1255812083862122, 0.0001300889423390642]"
1,"[0.9272952180016121, 0.0, 0]"
0,"[0.0, 0.0]"
2,"[1.1940862598057655, -0.00921714964250282]"
3,"[-0.6820390329841036, 0.01583837463874547]"
5,"[2.907277221673368, 0.002628992770071301]"
6,"[-3.095748325847799, 0.0005158761768142659]"
8,"[0.28578587380848514, 0.008967614929339571]"
9,"[-1.9975060490494858, -0.0017501754473305522]"
11,"[-3.08737744498758, -0.00012864266969497406]"
12,"[-3.0869704072056905, 0.00043062194790030914]"
1,"[0.9310823057418094, 0.010775445003193, 0]"
0,"[0.0, -0.02127338602406181]"
2,"[1.2220956822176725, -0.033212821800234694]"
3,"[-0.706895354081542, 0.14642588210564852]"
5,"[-2.06760913795565, -0.09478181415025226]"
6,"[1.8142789675580062, 0.12667352971566148]"
8,"[0.25819385466160033, 0.19696189135970651]"
9,"[-2.0158777148910074, -0.09087171581422596]"
11,"[-2.3626918312490472, 0.012753257314728827]"
12,"[-2.5336852351754167, 0.07627835559705592]"
1,"[0.8097836615917557, 1.4901161193847656e-08, 0]"
0,"[-0.11099701049143287, 0.0]"
2,"[1.1771969853238822, -0.008883010738443409]"
3,"[-0.6591620918903373, 0.013866070391612764]"
5,"[-0.8935722903108443, 0.032919247205007135]"
6,"[0.4323078785770004, 0.018442348081116524]"
8,"[0.0775943887216602, 0.01145230222353838]"
9,"[0.3257377088472719, -0.0015934197225095452]"
11,"[-1.3890067964712434, 0.003891442510871117]"
12,"[-2.267343723783713, -0.004999539324365159]"
1,"[0.8097836615917557, 1.4901161193847656e-08, 0]"
0,"[-0.11099701049143287, 0.0]"
2,"[1.1762546170605508, -0.008501461359032602]"
3,"[-0.6597517279645723, 0.016568975160699256]"
5,"[-0.8695388259624431, 0.012561148620832354]"
6,"[0.4259959058336753, 0.012202554228575621]"
8,"[0.07106091696250302, 0.003251852099079657]"
9,"[0.40774073688170315, 0.00027978299479001904]"
11,"[-1.361357732849153, 0.002308085116431759]"
12,"[-2.2487403248127076, -0.0032841908144749764]"
1,"[1.0450326389649578, 0.007948958171179389, 0]"
0,"[-0.11425432796143985, 0.0]"
2,"[1.0409904236435352, -0.09680773756314552]"
3,"[-0.6419224930849322, 0.032498331872856466]"
5,"[-0.8182091015240158, -0.2100326424211096]"
6,"[0.4494825952445457, 0.008125281585411223]"
8,"[0.08679226317251591, 0.05774417438998782]"
9,"[0.23886835581280294, -0.0653188847696695]"
11,"[-1.4566900976461996, 0.0319673122316723]"
12,"[-2.389911475582589, -0.11447005127649748]"
1,"[1.1486097894806748, 1.4901161193847656e-08, 0]"
0,"[-0.1175116454314474, 0.0]"
2,"[0.6605880883521859, -0.01078956488649856]"
3,"[-0.6191840552275688, 0.008571907357664032]"
5,"[-0.8253211607269056, 0.015567855606858472]"
6,"[0.4746978156399029, 0.009521755169752273]"
8,"[0.035565747616740716, 0.0025320851813012634]"
9,"[0.5010536950251014, 0.0015059604395559656]"
11,"[-1.085379972300487, 0.00198688947546398]"
12,"[-1.69097861683281, -0.002648337109256793]"
1,"[1.1486097894806748, 1.4901161193847656e-08, 0]"
0,"[-0.1175116454314474, 0.0]"
2,"[0.6486875142139401, -0.006735435642365147]"
3,"[-0.6280255308206846, 0.016329907661637815]"
5,"[-0.8248611949447276, 0.007237352089719696]"
6,"[0.4761154815228758, 0.01251548664924547]"
8,"[0.033759099238589045, 0.0010192886063765416]"
9,"[0.5080312742711505, 0.002616220987043525]"
11,"[-1.0714730197070805, 0.0014946426627803517]"
12,"[-1.6516782143777524, -0.001684013003826512]"
1,"[1.16083256499157, -0.0018186521908164454, 0]"
0,"[-0.1187971843108838, -0.02036919307452373]"
2,"[0.6433671950485171, -0.04093358415242193]"
3,"[-0.6271360927990755, 0.14755022042028046]"
5,"[-0.725791412837388, -0.24346027541356993]"
6,"[0.4754831860808359, 0.212772430465847]"
8,"[0.03667276811826133, 0.03886223041373295]"
9,"[0.542023968939571, -0.1014352011928207]"
11,"[-1.2013593356864676, 0.02690173447070534]"
12,"[-1.6992574061544319, 0.025447646994764227]"
1,"[1.2045746922699283, 0.0, 0]"
0,"[-0.2342174891337289, 0.0]"
2,"[0.5358858586231837, -0.006769821266786263]"
3,"[-0.5441162176803422, 0.013151832453746673]"
5,"[-0.6430763215568887, 0.0125438415811335]"
6,"[0.2465660201722556, 0.010796831431018544]"
8,"[-0.014851459515239735, 0.0008823164718256753]"
9,"[1.2127291361172354, 0.0025960029695333664]"
11,"[-0.6853546904349352, 0.0012426031760046784]"
12,"[-2.0892250426654906, -0.0019990125875444438]"
1,"[1.2045746922699283, 0.0, 0]"
0,"[-0.2342174891337289, 0.0]"
2,"[0.5324564652510295, -0.005587931630309161]"
3,"[-0.5454458695730311, 0.01613139049527942]"
5,"[-0.6416531436272298, -0.000649089259722556]"
6,"[0.2417252602035534, 0.007001660292305466]"
8,"[-0.016647136650481086, -0.00036134748552679605]"
9,"[1.228673618665062, 0.00541964048858151]"
11,"[-0.6662675780564511, 0.0007156708300229438]"
12,"[-2.093882941522131, -0.0018674929049502704]"
1,"[1.0821856131651701, -0.01355630314444107, 0]"
0,"[-0.2159848682160687, 0.00166389197531406]"
2,"[0.48829622356974706, -0.00031452669456971585]"
3,"[-0.5832710892116713, 0.06140463062854468]"
5,"[-0.6089720051046582, -0.5144177230427278]"
6,"[0.2294902086114893, 0.19201718855876915]"
8,"[-0.010635093704752253, -0.33339068664737803]"
9,"[0.9606547765981652, -2.7748097851952496]"
11,"[-0.9239636777417868, -0.041083730671680835]"
12,"[-2.1256927200109224, -0.006035689082529194]"
1,"[1.1527504411823675, 0.0, 0]"
0,"[-0.1899034478455561, 1.4901161193847656e-08]"
2,"[0.4590091193064302, -0.00613067257405595]"
3,"[-0.5856194041708729, 0.013856315775667193]"
5,"[-0.5049131147148382, 0.008537566312561756]"
6,"[0.016616762370748234, 0.003985037505739338]"
8,"[0.12176209690913753, -0.010006774735525375]"
9,"[0.6978310752538507, -0.013660766398200611]"
11,"[-2.224416430190742, 0.0005017106272615208]"
12,"[-2.1268837944873535, -0.0006296210282025114]"
1,"[1.1527504411823675, 0.0, 0]"
0,"[-0.1899034478455561, 1.4901161193847656e-08]"
2,"[0.4580163415840537, -0.005777101030501289]"
3,"[-0.586806434809873, 0.015702713808090168]"
5,"[-0.5059155202432825, -0.014973338110942268]"
6,"[0.012808241557510302, 0.0005790955737867957]"
8,"[0.12770452741773297, 0.009965897628930959]"
9,"[0.7128008566427688, -0.0060529258653445805]"
11,"[-2.2605549448668025, 0.001148975970078961]"
12,"[-2.1481392592595094, -0.0016742225442895123]"
1,"[1.1378105637642064, -0.004082048440581334, 0]"
0,"[-0.1873587706772385, 0.020373356266091054]"
2,"[0.47309167082625925, -0.02647094224604492]"
3,"[-0.5440066042899225, 0.12762078017981052]"
5,"[-0.5355934784778267, -0.4538405210849928]"
6,"[0.011435728400577619, 0.1309893240850515]"
8,"[0.31791295022692173, 0.29115155088505784]"
9,"[0.5504484789675684, 2.8924024193678655]"
11,"[-2.236913251882679, -0.03563715266149285]"
12,"[-1.9093331201047188, -0.09338127048982861]"
1,"[1.176005207095135, 0.0, 0]"
0,"[-0.09084659331552923, 1.4901161193847656e-08]"
2,"[0.43089877546963773, -0.005628071450428028]"
3,"[-0.4217550006818423, 0.015298684397418213]"
5,"[-0.3854147601591079, -0.00895137153712888]"
6,"[-0.10213237034311633, -0.004044551491476038]"
8,"[0.0773075676176322, 0.007320417112266975]"
9,"[0.14509649052165333, 0.01767685076975619]"
11,"[-2.535160167845623, 0.0012256014143394943]"
12,"[0.14369963489625348, -0.0021521588568762357]"
1,"[1.176005207095135, 0.0, 0]"
0,"[-0.09084659331552923, 1.4901161193847656e-08]"
2,"[0.4295273437957029, -0.005091240845996543]"
3,"[-0.41986872421478877, 0.014248232113684934]"
5,"[-0.3842842245674153, -0.016307891223202902]"
6,"[-0.10146231015679602, -0.004219213611152598]"
8,"[0.06878844700421087, 0.0017046811334992904]"
9,"[0.12125592325310629, 0.0025797337186807038]"
11,"[-2.5465693582054625, 0.0013470400730454934]"
12,"[0.20025572186695298, 0.00021648666213910128]"
1,"[1.1428650500565918, 0.003365163154780884, 0]"
0,"[-0.08906825870941963, -0.0007999998293317266]"
2,"[0.4295335537768668, 0.05512616098638513]"
3,"[-0.45054478696110845, 0.1702696791256232]"
5,"[-0.41070369507351856, -0.2835558667168291]"
6,"[-0.13080361008658742, -0.10874851962764745]"
8,"[0.05552239452726622, -0.10573522848594791]"
9,"[0.13358220182234412, 0.18426919991694826]"
11,"[-2.406804319225152, 0.0014869186637541502]"
12,"[0.18615863007730762, 0.04823640912496636]"
1,"[1.067416383278523, 0.0, 0]"
0,"[-0.09084655884315142, 0.0]"
2,"[0.592209580204393, -0.004863135204789641]"
3,"[-0.3398293323479622, 0.01716591559398832]"
5,"[-0.2658861847128388, -0.013218439729474863]"
6,"[-0.018785301588960374, -0.007023649617119256]"
8,"[0.14778573862358194, 0.0013807732116314943]"
9,"[-0.3160636004753975, 0.0004297534992603012]"
11,"[-2.264350445971123, 0.0019658836235604063]"
12,"[-0.7918020745833794, 7.219460357416079e-05]"
1,"[1.067416383278523, 0.0, 0]"
0,"[-0.09084655884315142, 0.0]"
2,"[0.5973165589076068, -0.006909972521984435]"
3,"[-0.3317810205418998, 0.010965647705703048]"
5,"[-0.2625253848117409, -0.011403857451549239]"
6,"[-0.009935978740232903, -0.0005775774559869651]"
8,"[0.15116878480996448, 0.005174313321362174]"
9,"[-0.32835603503338456, -0.004321986786968463]"
11,"[-2.261492722890073, 0.0018540398648327135]"
12,"[-0.8217931052095447, -0.0013105366359266683]"
1,"[1.0949032460630388, 0.006256092236081968, 0]"
0,"[-0.08992117848120486, -0.00042498934944464]"
2,"[0.5730303111326888, -0.08030112687627837]"
3,"[-0.33975132993076995, -0.12970792828954023]"
5,"[-0.2519696274377083, -0.07750361840761047]"
6,"[-0.0076847223691886984, -1.2256553651989899]"
8,"[0.1791770560545788, 0.09255303685241256]"
9,"[-0.3025289522866671, -0.008497064255531967]"
11,"[-2.1001752290098494, 0.005346336392516849]"
12,"[-0.6975986617907233, -0.07098961414875969]"
1,"[1.0382923311964278, 1.4901161193847656e-08, 0]"
0,"[-0.09084659128774301, 1.4901161193847656e-08]"
2,"[0.3658802411576285, -0.00756361003823207]"
3,"[-0.4821745942147469, 0.006841188285848356]"
5,"[-0.1989710442213384, -0.011110110764224098]"
6,"[0.7312123668668987, -0.0514326387197729]"
8,"[0.0895853001295581, 0.004777304136932627]"
9,"[-0.2692416262602771, -0.0035957532424594763]"
11,"[-1.904389399895016, 0.0025260511767572743]"
12,"[0.3945433380402405, -0.0021869946560717315]"
1,"[1.0382923311964278, 1.4901161193847656e-08, 0]"
0,"[-0.09084659128774301, 1.4901161193847656e-08]"
2,"[0.3589397574141395, -0.0047453987640073]"
3,"[-0.4918324611004355, 0.013577319005558277]"
5,"[-0.19749184042018886, -0.009519592855692496]"
6,"[0.7516896489717408, 0.008193249637005795]"
8,"[0.08640620598874015, 0.0023151910926040866]"
9,"[-0.27120737239330284, -0.004283026363107423]"
11,"[-1.8995285261674546, 0.0022979663924007463]"
12,"[0.436843468402502, 0.0009545059955480366]"
1,"[1.0141206086219356, -0.0006553079007992876, 0]"
0,"[-0.0899019157279304, -0.00044306598774212456]"
2,"[0.350824111592847, 0.11401273746139853]"
3,"[-0.4312871774467111, -0.04158927423039448]"
5,"[-0.19270959597353923, 0.01897217888137535]"
6,"[0.9596012484594906, 1.2377670263831204]"
8,"[0.07595981852327215, -0.08501058165670136]"
9,"[-0.29553689115472903, 0.05621555176095151]"
11,"[-1.712007622712202, -0.018515116899690653]"
12,"[0.3851687552533082, 0.01021650720212365]"
1,"[0.9986934433602603, 0.0, 0]"
0,"[-0.09084655884315142, 0.0]"
2,"[0.6233429719196079, -0.004235024351603785]"
3,"[-0.40679883789976573, 0.02483091728824279]"
5,"[-0.20579116886412502, -0.010085680130979336]"
6,"[0.02751894921890015, 0.025568217228372835]"
8,"[0.1546986939444686, 0.00211313494687262]"
9,"[-0.4641395996695532, -0.004991758008461861]"
11,"[-1.7171461439906583, 0.0030460335726977357]"
12,"[0.2375274067559784, 0.0012848339783638474]"
1,"[0.9986934433602603, 0.0, 0]"
0,"[-0.09084655884315142, 0.0]"
2,"[0.6318428064483148, -0.008241452371737878]"
3,"[-0.3982291431600725, 0.015135764468257335]"
5,"[-0.20608747072075753, -0.010256364065246763]"
6,"[-0.006223663758687809, 0.000699368820001655]"
8,"[0.157573202934664, 0.005199625947469835]"
9,"[-0.46706067373893023, -0.006304896428742347]"
11,"[-1.7189935556276232, 0.003039245473304275]"
12,"[0.23199682710369604, 0.000782727176191602]"
1,"[0.9781524455783112, -0.01796627674609705, 0]"
0,"[-0.0918112080142431, 0.00044306598774212456]"
2,"[0.6568409728167881, -0.10569717382224993]"
3,"[-0.42366582609790343, 0.15870553130860934]"
5,"[-0.20170940825673767, 0.00048383612564845753]"
6,"[-0.00746708845526749, -0.0428763435245586]"
8,"[0.1541027710304683, 0.029847134027505374]"
9,"[-0.4615251561848332, 0.08865852482967365]"
11,"[-1.6393747928748172, 0.05223351726072619]"
12,"[0.22140858636553837, 0.041407912535480366]"
1,"[1.1760053268489112, 2.1073424255447017e-08, 0]"
0,"[-0.09084659128774301, 1.4901161193847656e-08]"
2,"[0.43691983935068457, -0.008397603704092973]"
3,"[-0.33828628131085187, 0.006361218804185801]"
5,"[-0.20380323313592294, -0.010647488294387641]"
6,"[0.0523788099648764, -0.00016348604463390975]"
8,"[0.12696569816395104, 0.005572945215494105]"
9,"[-0.6666954017152324, -0.006349345181727119]"
11,"[-1.0517657052275315, 0.003419459002377086]"
12,"[-0.18205487196329395, -0.001335458038182566]"
1,"[1.1760053268489112, 2.1073424255447017e-08, 0]"
0,"[-0.09084659128774301, 1.4901161193847656e-08]"
2,"[0.42970849277428064, -0.005452493252909291]"
3,"[-0.34289861922148085, 0.01174494385428778]"
5,"[-0.20381835642160606, -0.010554975157149312]"
6,"[0.05440367086085579, 0.0013010400953675921]"
8,"[0.12598618954924132, 0.004503465285454504]"
9,"[-0.6743101874402931, -0.008986959891200444]"
11,"[-1.0311490656936246, 0.0022204472647275914]"
12,"[-0.17615642693061698, -0.0007260210165660002]"
1,"[1.2399663947272024, -0.020135794394558013, 0]"
0,"[-0.09498499000890075, 0.0008329860630327469]"
2,"[0.42556215815311127, -0.002411199826847583]"
3,"[-0.3700076126941066, -0.13671838274587225]"
5,"[-0.22205667402798715, -0.05814055473304918]"
6,"[0.05427902845379039, 0.11390716845760998]"
8,"[0.12853890207030835, -0.030532637431634292]"
9,"[-0.6117233429978964, -0.14597879163812189]"
11,"[-0.9635699843525545, -0.12395490608830903]"
12,"[-0.16615141337455827, -0.06539533746828002]"
1,"[1.5220255084494596, 0.0, 0]"
0,"[-0.09516620655396779, 0.0]"
2,"[0.429332119924042, -0.0053976589553223564]"
3,"[-0.529214902154202, 0.012941684943095763]"
5,"[-0.20651742449696578, -0.009300555371867747]"
6,"[-0.10260883515463687, 0.0008527641958898931]"
8,"[0.16615757111721852, 0.004160597522310122]"
9,"[-0.2972649938409632, -0.010808196789334673]"
11,"[-1.8703008957571485, 0.002438740745105795]"
12,"[0.4003909827115175, 0.003004486782068007]"
1,"[1.5220255084494596, 0.0, 0]"
0,"[-0.09516620655396779, 0.0]"
2,"[0.429453234832475, -0.005451881116683763]"
3,"[-0.5329986025585471, 0.014819545072067822]"
5,"[-0.20619646115311896, -0.00924446045779089]"
6,"[-0.10748507990374499, -0.0025753746703183417]"
8,"[0.16752072122620218, 0.0056212318600418025]"
9,"[-0.28530349439182967, -0.005180252208658606]"
11,"[-1.8982632658190683, 0.004494343785989876]"
12,"[0.38559867130263603, 0.0017344395841583796]"
1,"[1.5507801005554287, 0.011470500020504633, 0]"
0,"[-0.09911680756812766, -0.0004079967128636583]"
2,"[0.4237935970138813, 0.059780409729206285]"
3,"[-0.47375996902327683, 0.2533609758920955]"
5,"[-0.19261979261840578, 0.10347757459847223]"
6,"[-0.11569973461934593, -0.07328009933823744]"
8,"[0.16266164821556123, -0.05763392236387921]"
9,"[-0.28123152370407706, 0.07829853130631204]"
11,"[-1.9457977541087048, 0.00836137928923615]"
12,"[0.4142508087843478, 0.1242937370221698]"
1,"[1.459799398626641, 1.4901161193847656e-08, 0]"
0,"[-0.1051661232218833, 0.0]"
2,"[0.5775485057421446, -0.005264329056428069]"
3,"[-0.24368379610575658, 0.021797783339710667]"
5,"[-0.24734829656835114, -0.01186275842258102]"
6,"[-0.010777307700376167, -0.001338502860791769]"
8,"[0.21692921554039615, 0.005274688516135182]"
9,"[-0.4299768645763797, -0.005998262106919792]"
11,"[-1.975147873924192, 0.004217267267214636]"
12,"[-0.7366564088075197, 0.00152271764459405]"
1,"[1.459799398626641, 1.4901161193847656e-08, 0]"
0,"[-0.1051661232218833, 0.0]"
2,"[0.5824082801713305, -0.007435273415803956]"
3,"[-0.2322162323234653, 0.010036347987332283]"
5,"[-0.2484611962226284, -0.01216122430839389]"
6,"[-0.009010269420574668, -0.00020977687580930274]"
8,"[0.21894817615892603, 0.007707607204521093]"
9,"[-0.4330778918802153, -0.007596872079889089]"
11,"[-1.9755613042571185, 0.004283432844434132]"
12,"[-0.7785392687408592, -0.0025520226311979456]"
1,"[1.4232797710728708, 0.014173979004795093, 0]"
0,"[-0.1051661232218833, 0.0]"
2,"[0.5848369670840629, -0.06967786105795844]"
3,"[-0.2561253521239287, -0.12087648389634748]"
5,"[-0.24557475938566817, -0.07733559697219858]"
6,"[-0.008836668707949389, 0.020719904763954425]"
8,"[0.21578605126323588, 0.055787839631996516]"
9,"[-0.4740840537176302, 0.14318311453263335]"
11,"[-2.024795906004765, -0.1027446189066498]"
12,"[-0.7576486973469423, 0.0035504677840664032]"
1,"[1.2214519287784174, 0.0, 0]"
0,"[-0.1051661232218833, 0.0]"
2,"[0.43456527555993174, -0.0077095419565447795]"
3,"[-0.39704879042140223, 0.006126055534974486]"
5,"[-0.20486685269597796, -0.011530977563532186]"
6,"[-0.04112385910578495, -0.0010836549166181627]"
8,"[0.16933198949356776, 0.008319731055358015]"
9,"[-0.8103489479335486, -0.007094920916714141]"
11,"[-2.4152020309550695, 0.0038838175936196533]"
12,"[-0.7841356539356865, -0.0012445217354277135]"
1,"[1.2214519287784174, 0.0, 0]"
0,"[-0.1051661232218833, 0.0]"
2,"[0.42961876628758483, -0.005628262339707703]"
3,"[-0.40528388778988916, 0.01262451653385721]"
5,"[-0.20384900867012165, -0.010594757630825555]"
6,"[-0.040845277779889604, -0.0009476857378372122]"
8,"[0.16762558192193897, 0.0062867496160759935]"
9,"[-0.822163511589733, -0.0112765366385716]"
11,"[-2.427884547354539, 0.004443248737793391]"
12,"[-0.7954662573156464, -0.0028671684267651543]"
1,"[1.3097526703871845, 0.012124758045407746, 0]"
0,"[-0.1051988894912258, -0.020388352181322632]"
2,"[0.4253980077896613, -0.0023776012882859667]"
3,"[-0.3875670020818663, 0.0520910276006661]"
5,"[-0.20953357363091651, -0.021310611402395624]"
6,"[-0.03991461949934764, -0.10451847804607345]"
8,"[0.16838921136753351, 0.00950332003970598]"
9,"[-0.8471210193002555, 0.0005673644817146461]"
11,"[-2.580360178760613, 0.02824467620119693]"
12,"[-0.9240235278110426, 0.010074772196892958]"
1,"[1.2293259038443312, 0.0, 0]"
0,"[-0.20975387746046684, 0.0]"
2,"[0.42931282671643967, -0.005604328382431239]"
3,"[-0.3387184350748887, 0.013349382769557393]"
5,"[-0.20838315993476644, -0.010142528661469575]"
6,"[0.11417117676741352, -0.001172128977310671]"
8,"[0.16616092400061167, 0.0062011817397708315]"
9,"[-0.8937748755720342, -0.011023409070636429]"
11,"[-2.7005232671014756, 0.002620033707040422]"
12,"[-1.1723202416265102, -0.0021889423872451905]"
1,"[1.2293259038443312, 0.0, 0]"
0,"[-0.20975387746046684, 0.0]"
2,"[0.42943911773644433, -0.005663356684006018]"
3,"[-0.3372406510828805, 0.012083308441667804]"
5,"[-0.2083968503684499, -0.010271207263694354]"
6,"[0.11962904399150989, 0.0026790588534050257]"
8,"[0.16607676873118435, 0.006098271407332281]"
9,"[-0.8952489572269978, -0.011569393268991791]"
11,"[-2.701224918440328, 0.00275713512349677]"
12,"[-1.184760556365275, -0.0031235886638905277]"
1,"[1.323130739838626, 0.0052714765660749115, 0]"
0,"[-0.20975387746046684, 0.0]"
2,"[0.4301590271790913, 0.01414624367597072]"
3,"[-0.33321280339234277, 0.1727777377189435]"
5,"[-0.21163861525710423, 0.010791441451476506]"
6,"[0.11894054746643218, 0.06436097512984633]"
8,"[0.16492733281085584, 0.08842407260466824]"
9,"[-1.1510952820834617, -0.0934487469336429]"
11,"[-2.7154089811966915, 0.12705415319998692]"
12,"[-1.1165629698695054, -0.03011387058998487]"
1,"[1.33193847475822, 0.0, 0]"
0,"[-0.20975387746046684, 0.0]"
2,"[0.47949702478279466, -0.005584549460876052]"
3,"[-0.19829141624930763, 0.013212473224805059]"
5,"[-0.2283021424720378, -0.010392250360753603]"
6,"[0.028526745394382606, 0.0032809779209350388]"
8,"[0.08844299408763248, 0.006487790919490161]"
9,"[-1.1927777987547559, -0.008065707173391262]"
11,"[-2.3982421752514136, 0.0026702316134241877]"
12,"[-0.8137212180581289, -0.004588203965144777]"
1,"[1.33193847475822, 0.0, 0]"
0,"[-0.20975387746046684, 0.0]"
2,"[0.481102990590248, -0.0062793541313658436]"
3,"[-0.19262462584981485, 0.007721490617050885]"
5,"[-0.22874419442866764, -0.010828212734269054]"
6,"[0.024774567357777277, 0.0006935319357366007]"
8,"[0.0856775259850685, 0.003330497737625942]"
9,"[-1.196153131127195, -0.008947739697941087]"
11,"[-2.3798798357293944, 0.0024821043682078468]"
12,"[-0.7959453340427739, -0.0025759687491467283]"
1,"[1.3070935577868212, -0.025005756487683023, 0]"
0,"[-0.20454559122139512, 0.0]"
2,"[0.501367848775589, -0.016571822724713327]"
3,"[-0.19775119239656175, -0.05615800565223241]"
5,"[-0.22781802025922593, -0.07373390236048412]"
6,"[0.024462862533945137, 0.02237543087989378]"
8,"[0.08236750789139129, 0.09226564428451442]"
9,"[-1.4431181733461664, -0.18968160890062505]"
11,"[-2.4721736763424325, 0.04593246045610848]"
12,"[-0.9268511325614995, -0.06924532993167895]"
1,"[1.635290180886486, 1.4901161193847656e-08, 0]"
0,"[-0.19933730498232413, 0.0]"
2,"[0.4939106876532462, -0.006070570243451581]"
3,"[-0.25886555878786077, 0.007676103445399214]"
5,"[-0.18661469298333955, -0.010250699977110513]"
6,"[-0.007090821556134283, -0.0003973236794677687]"
8,"[0.002881564473493268, 0.003360039656865054]"
9,"[-0.8944280089679641, -0.006327595432632188]"
11,"[-2.344564302610803, 0.0018966875766794433]"
12,"[-0.11920423337147476, -0.0023654430341450506]"
1,"[1.635290180886486, 1.4901161193847656e-08, 0]"
0,"[-0.19933730498232413, 0.0]"
2,"[0.49368944034883466, -0.005956797684365104]"
3,"[-0.2608649066505492, 0.009360025682415637]"
5,"[-0.18549833745907968, -0.00911793128919882]"
6,"[-0.006761435320398929, -0.00019897903283281896]"
8,"[0.0001005937054273767, 0.00011704636850111275]"
9,"[-0.8778740463841178, -0.004213914035497263]"
11,"[-2.336034764101851, 0.0018382890506703476]"
12,"[-0.08601038917482673, -0.0002834841596992782]"
1,"[1.8317991224472183, 0.010729202014824132, 0]"
0,"[-0.18843380407707927, 0.019963362831648748]"
2,"[0.487445657697961, -0.005953878702287012]"
3,"[-0.2728169511367544, -0.03707708186888385]"
5,"[-0.1883444418515995, 0.053813203662763605]"
6,"[-0.006682545532361769, -5.5748002333012095e-05]"
8,"[3.217132749013395e-06, 4.085364705117295e-06]"
9,"[-1.418696766742043, -0.024829459960850345]"
11,"[-2.7559905047728024, 0.013883784572250441]"
12,"[-0.08724102840241801, -0.01659290943147249]"
1,"[1.9010937787837354, 1.4901161193847656e-08, 0]"
0,"[-0.09084659128774301, 1.4901161193847656e-08]"
2,"[0.48139413524928576, -0.006037758908135168]"
3,"[-0.32782314167695326, 0.009209197919433306]"
5,"[-0.23273276216582536, -0.0097890694197309]"
6,"[-0.006815748589436158, 0.0009097719481682252]"
8,"[1.1250129990683128e-07, 1.569934748538248e-07]"
9,"[-1.7890421644819963, -0.0020771349950038]"
11,"[3.090874519390978, -0.00011773629821497099]"
12,"[0.18580004650031262, -0.012286364117006681]"
1,"[1.9010937787837354, 1.4901161193847656e-08, 0]"
0,"[-0.09084659128774301, 1.4901161193847656e-08]"
2,"[0.4811920658433849, -0.005963312731645921]"
3,"[-0.32962375018947915, 0.010670311395923763]"
5,"[-0.23387807293625745, -0.01080661815214567]"
6,"[-0.00836202054283677, -0.00013884546029502021]"
8,"[0.0, 0.0]"
9,"[-1.7957724933292645, -0.002625562713743983]"
11,"[-3.0876245236910558, -0.00013366366685259898]"
12,"[0.3953793153734932, 0.013163260894693834]"
1,"[2.0089417396743285, -0.0039696936438344144, 0]"
0,"[-0.0969481701185435, -0.021697214583565813]"
2,"[0.4778303034060234, -0.012191093672483328]"
3,"[-0.33579670863282585, -0.1262827148919159]"
5,"[-0.23205948057648526, 0.09176750362945174]"
6,"[-0.008806050685799743, -0.04519489298789614]"
8,"[0.0, 0.04758310327698479]"
9,"[-2.6363182752613112, -3.026321799836197]"
11,"[-3.098105182069017, 0.02921652372946824]"
12,"[0.17193783513901598, 0.019307588874245503]"
1,"[2.1616780010823367, 0.0, 0]"
0,"[-0.20975387746046684, 0.0]"
2,"[0.45863394578526206, -0.006027000642700809]"
3,"[-0.4679992968668596, 0.011495270180345529]"
5,"[-0.29473168971027175, -0.012668848100874389]"
6,"[0.06054435972980338, 0.0012540277606239883]"
8,"[-0.03481337779333416, -0.00010829991226688023]"
9,"[3.0122311804409434, 0.0016860123078427012]"
11,"[-2.9206103941013994, 0.00036542548005740654]"
12,"[-0.10219327799470569, -3.98139284828586e-05]"
1,"[2.1616780010823367, 0.0, 0]"
0,"[-0.20975387746046684, 0.0]"
2,"[0.45800399495925515, -0.005772159797577224]"
3,"[-0.4718930983144127, 0.013746160289635394]"
5,"[-0.29607615417046096, -0.01323273636596368]"
6,"[0.06077373165306687, 0.0013912792782614129]"
8,"[-0.03599259703887711, -0.001659527569082928]"
9,"[-2.9438217858837303, 0.001115504920789811]"
11,"[-2.9097002192696335, 0.00037528571491926604]"
12,"[-0.10551041645749513, -0.0002888947805438705]"
1,"[2.1616780010823367, 0.0, 0]"
0,"[-0.20975387746046684, 0.0]"
2,"[0.4554998455913903, 0.03372945534071741]"
3,"[-0.4840132223480292, -0.015252555444881405]"
5,"[-0.28802574186410146, 0.0924677477588194]"
6,"[0.062362036522469536, -0.09989812711878827]"
8,"[-0.03923409834460751, 0.011852981319684487]"
9,"[-3.093230088334799, 2.9691361321517094]"
11,"[-2.905661271148668, -0.0013704389899048177]"
12,"[-0.10480526501701097, -0.00021679636218623267]"
1,"[2.1616780010823367, 0.0, 0]"
0,"[-0.20975387746046684, 0.0]"
2,"[0.5518168097829576, -0.005643804349841531]"
3,"[-0.5214179793715686, 0.01583533070633323]"
5,"[-0.3395016162695806, -0.015810847974267572]"
6,"[0.22828752483222278, 0.002410937194705717]"
8,"[-0.053996478131315764, -0.0016172775098653657]"
9,"[-2.5712080438809712, -0.002446326922309711]"
11,"[-2.9089784015194353, 0.00038563510984087425]"
12,"[-0.1050703112048199, -0.000259836294714181]"
1,"[2.1616780010823367, 0.0, 0]"
0,"[-0.20975387746046684, 0.0]"
2,"[0.5548834678384442, -0.006965208671543235]"
3,"[-0.5196719968417891, 0.01439551050621]"
5,"[-0.3402904946373618, -0.01508359696757834]"
6,"[0.2322228092889608, 0.004823531587031411]"
8,"[-0.05449839888477117, -0.00217987533658171]"
9,"[2.8431125066925564, 0.00033305021714813036]"
11,"[-2.90949708646063, 0.000384412782706014]"
12,"[-0.10520655582968716, -0.0002693726675618024]"
1,"[1.9321279098260504, 0.009471445488789537, 0]"
0,"[-0.20454559122139512, 0.0]"
2,"[0.5895509296568264, -0.05229768301055838]"
3,"[-0.46853711964809597, -0.021650822333797493]"
5,"[-0.34913311103962413, 0.013753879233998463]"
6,"[0.2284394696003764, 0.005252319811296086]"
8,"[-0.0635072575135533, -0.06334688258694073]"
9,"[1.786925947742735, -0.06906501678946217]"
11,"[-2.667555765137908, -0.02238659186835263]"
12,"[-0.10322374948101022, -0.034547012573477955]"
1,"[1.5707963267948966, 0.0, 0]"
0,"[-0.19933730498232413, 0.0]"
2,"[0.49676523831191977, -0.006719295935187099]"
3,"[-0.44539221478822805, 0.014253145792720103]"
5,"[-0.3740546310484289, -0.015276261732862393]"
6,"[0.2242323790372482, 0.005616766495788352]"
8,"[-0.002213982869063695, -0.0019300685785227506]"
9,"[-0.16785891726894508, -0.005028172946207059]"
11,"[-2.6046896260535672, 0.001139922812341412]"
12,"[0.34199479769672775, -0.0004292366285227024]"
1,"[1.5707963267948966, 0.0, 0]"
0,"[-0.19933730498232413, 0.0]"
2,"[0.4938121833228649, -0.00558680827501995]"
3,"[-0.4469904769612547, 0.014858701502224224]"
5,"[-0.37458074878343806, -0.015513764960836824]"
6,"[0.22320934566050138, 0.004907685985022728]"
8,"[-7.727956401867487e-05, -6.745325445353654e-05]"
9,"[-0.2355679140388295, 0.000488715401283527]"
11,"[-2.6077466291854448, 0.0010957986332506813]"
12,"[0.35811609378495723, 0.0009258168997241476]"
1,"[2.202882952867811, -0.010654006102222334, 0]"
0,"[-0.19862795195945715, 0.0017338517519065663]"
2,"[0.5108138299767988, 0.01495040482945019]"
3,"[-0.44880688800897695, -0.1478434661348431]"
5,"[-0.3581606922777131, 0.20055569314815092]"
6,"[0.1866425854269373, -0.5030133424097395]"
8,"[-2.7519987981079765e-06, -2.354666385070419e-06]"
9,"[-0.17127961419723634, 0.05723765058395044]"
11,"[2.8602582365647367, -0.005952516118505458]"
12,"[0.3709216124641579, -0.006600933475638885]"
1,"[2.876489588996445, 0.0, 0]"
0,"[-0.1899034126855137, 0.0]"
2,"[0.5889883204026074, -0.005291265456860835]"
3,"[-0.5595006860336683, 0.019226346432613558]"
5,"[-0.442828222781851, -0.022073785611232057]"
6,"[0.6237501573580336, 0.0016079839277927375]"
8,"[-9.541398640621977e-08, -8.024520884654679e-08]"
9,"[0.1936264149798482, 0.001133149199320638]"
11,"[2.2042473287866433, 0.002434736649321316]"
12,"[0.48267050023578467, 0.0025683342606437573]"
1,"[2.876489588996445, 0.0, 0]"
0,"[-0.1899034126855137, 0.0]"
2,"[0.5914633362105105, -0.006146380719461965]"
3,"[-0.559400109374172, 0.016473406080530755]"
5,"[-0.44332134262300943, -0.016405971514442404]"
6,"[0.6348523447840144, 0.01603258781062466]"
8,"[-0.0, -0.0]"
9,"[0.206060290084238, -0.0012680312617618557]"
11,"[2.1893347599003126, 0.0019036219868489238]"
12,"[0.46387272260358065, 0.0012519444211677863]"
1,"[2.9434829571829266, 0.0011825606134793338, 0]"
0,"[-0.1986533404652753, 0.00159808094084643]"
2,"[0.612187668136672, -0.13606902709541402]"
3,"[-0.5390635607284963, -0.2325723509574316]"
5,"[-0.4488585352861424, -0.1021553666605353]"
6,"[0.8923717878179642, 0.6449510416133597]"
8,"[0.0, -0.04164257909858688]"
9,"[0.19711349105554693, -0.015114338533592626]"
11,"[2.077145559127027, -0.007945457710400169]"
12,"[0.5121386752966329, 0.05673066795119609]"
1,"[3.0084563260381456, 0.0, 0]"
0,"[-0.19933735818750392, 2.1073424255447017e-08]"
2,"[0.1970656255939892, -0.006135468139829093]"
3,"[-0.6513298896946849, 0.015599081511547791]"
5,"[-0.4160187436079732, -0.014887425342828615]"
6,"[0.052160691570981195, 0.014607667956211526]"
8,"[0.05996754518200674, -4.193405717942028e-05]"
9,"[0.12202254643948546, -0.0010008427530442952]"
11,"[2.0551845739221264, 0.0023155030433870257]"
12,"[-0.36217467431300876, 0.0010995568067275216]"
1,"[3.0084563260381456, 0.0, 0]"
0,"[-0.19933735818750392, 2.1073424255447017e-08]"
2,"[0.18284609580060668, -0.001947179311139905]"
3,"[-0.6611274579715054, 0.01498561851605366]"
5,"[-0.4157767636498067, -0.016644284657123847]"
6,"[0.0236692161861063, 0.0008618440672485768]"
8,"[0.06207235689303374, 0.0014509786707399429]"
9,"[0.12160294659246303, -0.0008636354148019077]"
11,"[2.0535163567028585, 0.002299353151360853]"
12,"[-0.39408027619144254, -0.0007420917440228631]"
1,"[2.8367721706856255, -0.011761390473704383, 0]"
0,"[-0.17951903178302533, 0.018790271240518828]"
2,"[0.1836459841404999, 0.01593007072765826]"
3,"[-0.6540167383338937, -0.5698022866493514]"
5,"[-0.3829602554489921, 0.21083029192187375]"
6,"[0.02057199860820932, 0.16438579215309695]"
8,"[0.06823556421247924, 0.06783241303555686]"
9,"[0.10003969687646523, -0.024364127016448793]"
11,"[2.610431448746765, 0.05218722700196117]"
12,"[-0.2827905337268, 0.074621681838553]"
1,"[2.7266002347114213, 1.4901161193847656e-08, 0]"
0,"[-0.08328515819717516, 0.0]"
2,"[0.24763343101700294, -0.0017723321967545779]"
3,"[-0.7758410420079883, 0.02443653898090322]"
5,"[-0.43080271476747645, -0.025769989667706994]"
6,"[-0.2618221321434592, 9.626067901402527e-05]"
8,"[-0.040170810651609226, 0.0013506367261599892]"
9,"[0.005867573094313696, -0.0023326949824869713]"
11,"[-3.1127291896094875, -1.5050711303604892e-05]"
12,"[-0.7037162629525268, 0.025457213878861275]"
1,"[2.7266002347114213, 1.4901161193847656e-08, 0]"
0,"[-0.08328515819717516, 0.0]"
2,"[0.24980068651378434, -0.0024066470235898346]"
3,"[-0.7766292009631056, 0.00021071362053593496]"
5,"[-0.430199300727723, -0.015194365458769257]"
6,"[-0.27273803660818763, -0.0051868576562666534]"
8,"[-0.043948399282321644, -0.0008138326384878716]"
9,"[-0.001197323946958101, -0.00010813754100810352]"
11,"[3.0872700963900686, -8.022207277603187e-05]"
12,"[-0.8855938304164747, -0.032363159865182574]"
1,"[2.6783405201828834, -0.0179386434332336, 0]"
0,"[-0.085120566059903, -0.020388352181322632]"
2,"[0.2439482660055952, -0.05288152257069894]"
3,"[-0.8011153483349025, -0.49244487724887914]"
5,"[-0.5706683005968582, -0.023295049796198383]"
6,"[-0.23930418466156406, -0.11538549302723676]"
8,"[-0.055291005140219104, 0.007379607183250989]"
9,"[-0.0016694229869662783, 0.009852016185143952]"
11,"[2.41782400452626, 0.027633140573582956]"
12,"[-0.7224350255057904, -0.04028443802361878]"
1,"[2.71347128646215, 0.0, 0]"
0,"[-0.17347667735197012, 0.0]"
2,"[0.06729463366813779, -0.0025094932348136813]"
3,"[-0.7537392042900537, 0.008529506268033213]"
5,"[-0.7077411764270795, -0.012303907918203679]"
6,"[-0.06522730996104166, -0.002562882249896369]"
8,"[-0.0875863040329124, -0.000744936601986863]"
9,"[0.03249654617183085, -0.00030540900599493613]"
11,"[0.999029870388276, 0.0022554845405245005]"
12,"[-0.48758916062445956, 0.0031022143469920946]"
1,"[2.71347128646215, 0.0, 0]"
0,"[-0.17347667735197012, 0.0]"
2,"[0.06115283225820888, -0.0006887943069702418]"
3,"[-0.7589708789157907, -0.012957613703316252]"
5,"[-0.7109249774189297, -0.015689157701742586]"
6,"[-0.06401876795887322, -0.001667075082670186]"
8,"[-0.08871475893402636, -0.0011741770421016514]"
9,"[0.03255499054354505, -0.0003370059535628852]"
11,"[0.9582293817655518, 0.0009300258374034081]"
12,"[-0.5275053304899955, -0.0019688475117793235]"
1,"[2.632091132882252, 0.0, 0]"
0,"[-0.16494857163533785, -0.0008488962305517673]"
2,"[0.06301039690868471, 0.08521633199296066]"
3,"[-0.8073686601057207, -0.598849549151666]"
5,"[-0.7432239437336554, 0.1717718585147797]"
6,"[-0.049466821305170654, 0.30996121251973735]"
8,"[-0.11872511952526275, -0.034144197586747346]"
9,"[0.062387178639889775, 0.06084213207515617]"
11,"[0.9318040414155121, -0.029409682543588053]"
12,"[-0.538587965111449, 0.015339443006901191]"
1,"[2.5507109793023535, 0.0, 0]"
0,"[-0.1596599714244755, 0.0]"
2,"[0.37318577323885477, -0.0005143223528520621]"
3,"[-0.5144576571259386, -0.02411682873404271]"
5,"[-0.858596445997457, -0.0165608062764963]"
6,"[-0.25172373442898566, -0.005794544631283132]"
8,"[-0.004141023816898356, -0.0009482379675071559]"
9,"[0.6721337735314215, 0.00019173752973919414]"
11,"[1.5994587220036898, 0.0009086621775982027]"
12,"[-0.6753276605004369, -0.005156088337037411]"
1,"[2.5507109793023535, 0.0, 0]"
0,"[-0.1596599714244755, 0.0]"
2,"[0.3834181458993201, -0.003552571827260882]"
3,"[-0.49946033913889354, -0.015508398423181816]"
5,"[-0.8601443895676355, -0.012473144829712629]"
6,"[-0.2594034453289811, -0.011202609271556942]"
8,"[-0.000144545844588484, -3.3124366339218485e-05]"
9,"[0.6952615400556862, -0.002339190917000229]"
11,"[1.6121058730677809, 0.001567952311946315]"
12,"[-0.6575896646125639, -0.002942892987829378]"
1,"[2.7638754012145332, 0.009888329865500384, 0]"
0,"[-0.16291741393803072, 0.02081225906236694]"
2,"[0.37178929565161484, -0.10673492423715954]"
3,"[-0.5164768787293771, 0.005171849028972522]"
5,"[-0.8666899660203532, 0.6484223594725237]"
6,"[-0.21614659623503477, -0.8008613749131511]"
8,"[-5.529796625801322e-06, -0.06413327128341607]"
9,"[0.7087743003500275, -0.08219982794535784]"
11,"[1.3938143772397356, 0.02615244390778524]"
12,"[-0.7099651414579462, -0.01366021243459166]"
1,"[2.9602728988798592, 2.1073424255447017e-08, 0]"
0,"[-0.08328518794784866, 1.4901161193847656e-08]"
2,"[0.01300544647635134, -0.00382008010334694]"
3,"[-0.5519765990585622, -0.002682496194432031]"
5,"[-0.9416163386319524, -0.015446596024229563]"
6,"[0.18804506093170562, -0.013077999844905229]"
8,"[0.33070015079901827, -2.7569689344455294e-05]"
9,"[-0.06966690501466692, -0.0012999355922681255]"
11,"[0.7415540718569552, 0.002175781340111323]"
12,"[-0.6731137382937009, -0.0002036662429475819]"
1,"[2.9602728988798592, 2.1073424255447017e-08, 0]"
0,"[-0.08328518794784866, 1.4901161193847656e-08]"
2,"[0.00045401040495711165, -0.000133082183125431]"
3,"[-0.563892659637366, -0.014727791037757267]"
5,"[-0.9442383623120114, 0.006605930684568993]"
6,"[0.19922029893011473, 0.011345207731039583]"
8,"[0.3416528862182844, 0.0022134532664794754]"
9,"[-0.08605599603368491, 0.00027102632935658254]"
11,"[0.7216977989515009, 0.0011540502145002826]"
12,"[-0.6937161877955318, -0.0023596751803464278]"
1,"[3.0054249586929997, 0.021769737273289777, 0]"
0,"[-0.08015175716859954, -0.041588489959740536]"
2,"[1.830000922656973e-05, 0.0516734393680816]"
3,"[-0.5820128641161388, -0.07061907462989792]"
5,"[-1.4951654627673914, 0.4642037078860853]"
6,"[0.47350185956650137, -0.24164386634479165]"
8,"[0.3810285481794509, -0.013764787405083086]"
9,"[-0.1699433096494225, -0.01902348383632155]"
11,"[0.8879396256452722, 0.008843505650006793]"
12,"[-0.6895006569339049, -0.03265792233074023]"
1,"[3.024081008158346, 0.0, 0]"
0,"[-0.22975323798219097, 1.4901161193847656e-08]"
2,"[0.2299375862042691, 2.068378866368631e-05]"
3,"[-0.5485877210357386, -0.021425764110095922]"
5,"[-1.862262137870692, 0.00547314651428729]"
6,"[1.0828342265835402, 0.014058280350145388]"
8,"[0.5163734951346728, 0.002054998483757872]"
9,"[-0.7986750038183611, 0.0003468915791907604]"
11,"[0.837322073197081, 0.000895585621731386]"
12,"[-0.4210025157759661, -0.0023415930523781243]"
1,"[3.024081008158346, 0.0, 0]"
0,"[-0.22975323798219097, 1.4901161193847656e-08]"
2,"[0.23771302160399715, -0.0017936074826234523]"
3,"[-0.540755079504377, -0.014652536169030528]"
5,"[-1.8670057049284647, 0.011598832164317932]"
6,"[1.0890183419538735, 0.015398397085792121]"
8,"[0.5207366789618495, 0.002795642671471922]"
9,"[-0.8179539515738457, 0.000907834403051341]"
11,"[0.8365376060375139, 0.0008424778959352909]"
12,"[-0.4132768140131866, -0.001547656973916872]"
1,"[2.911769143186703, 0.0058617951725101, 0]"
0,"[-0.23463647533767598, 0.0047903825184997416]"
2,"[0.24322598662473555, -0.05353321248430933]"
3,"[-0.5204883985246916, 0.04045310499737155]"
5,"[-2.0452121380340293, 0.3651818595128891]"
6,"[1.308722943030641, 0.3577962843216245]"
8,"[0.5212211169365963, -0.02956109439152053]"
9,"[-0.826623355327647, 0.028684014787952232]"
11,"[0.8397731848055116, -0.015330697226116241]"
12,"[-0.4102463538567217, -0.002806972969175407]"
1,"[2.7708967535984037, 0.0, 0]"
0,"[-0.2213144706963417, 1.4901161193847656e-08]"
2,"[0.008501102021909356, -0.0018240153369835168]"
3,"[-0.5482624031460835, -0.007829947470822959]"
5,"[-1.8802158922057077, 0.010440037983864113]"
6,"[0.9133012685735327, 0.014647657233855171]"
8,"[0.7105435317611326, 0.002783195509266147]"
9,"[-0.010521840783264843, 0.001113110316721163]"
11,"[1.2668876090315908, 0.0008305465722752784]"
12,"[-0.39550260937278775, -0.003134550935257271]"
1,"[2.7708967535984037, 0.0, 0]"
0,"[-0.2213144706963417, 1.4901161193847656e-08]"
2,"[0.00029675748449221764, -6.359368513141556e-05]"
3,"[-0.5558826965997734, -0.014915792201534826]"
5,"[-1.8715371624645125, 0.011010092110932073]"
6,"[0.9105059609394699, 0.009620967065333937]"
8,"[0.7161943814064293, 0.0038251660882147754]"
9,"[0.024442816164868247, 1.755463041599932e-05]"
11,"[1.276844278182475, 0.0012567421645397698]"
12,"[-0.38012234738770684, -0.0015189052531964144]"
1,"[2.9562447035940984, -0.010222065876076875, 0]"
0,"[-0.2212132555177975, 0.01918583745629052]"
2,"[1.3929549373516949e-05, 0.04758088352938519]"
3,"[-0.5552384508543882, -0.1185964894111815]"
5,"[-2.3775658600794705, 0.054669946775561445]"
6,"[2.881830805200644, -0.05063318296154707]"
8,"[0.7442290798998589, -0.023160257216111837]"
9,"[-3.139708121559554, 0.07149749633366585]"
11,"[1.2999784001714048, 0.010987571030792303]"
12,"[-1.7256855900211, 0.013712108993883778]"
1,"[3.141592653589793, 1.4901161193847656e-08, 0]"
0,"[-0.14787807531588118, 0.0]"
2,"[0.3712525490478649, 9.940548884702295e-06]"
3,"[-0.4645966352059567, -0.02662111094227027]"
5,"[-2.876707354526939, 0.002335736491493536]"
6,"[-1.5054255329336859, -0.020298129441828298]"
8,"[0.9280011494828968, 0.0036492037675325407]"
9,"[-1.6188682085481383, -0.004235432566572602]"
11,"[1.076347314090137, 0.0012360861542387526]"
12,"[-3.12202147814099, -1.7199871460683522e-05]"
1,"[3.141592653589793, 1.4901161193847656e-08, 0]"
0,"[-0.14787807531588118, 0.0]"
2,"[0.38340899475900914, -0.0016407425292079558]"
3,"[-0.45065741332440445, -0.013990835309238423]"
5,"[-2.883977512053976, 0.0028079569076001434]"
6,"[-1.628168736197388, 0.008561715271881558]"
8,"[0.9331360028240511, 0.004576687131075538]"
9,"[-1.5802373144066715, -0.0020730090732663064]"
11,"[1.0708713661786844, 0.0010211873683348544]"
12,"[3.1252977914631175, 2.430675842764027e-05]"
1,"[-1.600440367719158, 0.006874268032159235, 0]"
0,"[-0.15394495158912389, -0.0383293012485915]"
2,"[1.1689228750886271, 0.017290079390269154]"
3,"[-0.4415061653578046, 0.012965803344606775]"
5,"[-3.0376927858295493, -0.13048181933852013]"
6,"[-2.3496955248622076, -3.1283126604698235]"
8,"[2.039127983393426, 0.020919375367469493]"
9,"[-2.3535981723860826, -0.05609135261578928]"
11,"[2.108492315754507, 0.006399472325868131]"
12,"[-3.048333955682924, -0.028554132840944126]"
1,"[-1.5978597811857644, 1.4901161193847656e-08, 0]"
0,"[-1.729451588981298, 2.1073424255447017e-08]"
2,"[2.7019743940604664, -0.000656354562118295]"
3,"[-1.7505819741507893, 0.021068255497132586]"
5,"[3.0915639066149225, -0.0006000246589887414]"
6,"[-3.034103994047678, 0.0013136640619076038]"
8,"[-3.1089501230613874, -6.446575930458728e-05]"
9,"[3.047656448448759, 1.1894991343535602e-05]"
11,"[-3.109111245583389, -1.3391410839724206e-05]"
12,"[3.056248000042286, -1.0519565482277681e-05]"
1,"[-1.5978597867814635, 1.4901161193847656e-08, 0]"
0,"[-1.7294516317199116, 2.1073424255447017e-08]"
2,"[2.724491664955038, 7.325136216683119e-05]"
3,"[-1.783114197107361, -0.08540410656631241]"
5,"[-3.087620939350812, -0.00070232110025285]"
6,"[3.088773660322856, 0.00048450535270100706]"
8,"[3.087340319147251, -0.00017953285619028427]"
9,"[-3.089080234121104, -2.595171448751872e-05]"
11,"[3.087337462879726, -3.8029392418726845e-05]"
12,"[-3.088750047712685, -3.813106409801516e-05]"
1,"[-0.05314732732967521, 0.01909541747733831, 0]"
0,"[-0.305361322769464, -0.006369340618695995]"
2,"[1.894036076772722, -0.03822847764246376]"
3,"[-0.4356842337493564, 0.11501805842233782]"
5,"[3.087719590527582, 0.03194897184689924]"
6,"[-3.1042515620341358, 0.10579558533500588]"
8,"[-3.0876831085583545, -0.019994895066420364]"
9,"[-3.087105770633981, -0.042787170240462385]"
11,"[-3.087682785202118, -0.03196807235375694]"
12,"[3.137691185495222, -0.03480180544399799]"
1,"[-1.5899633083784055, 0.0, 0]"
0,"[-1.729451588981298, 1.4901161193847656e-08]"
2,"[1.981300551877971, -0.0024714732793242973]"
3,"[-1.7962576692257812, 0.04084321584561512]"
5,"[-3.088485454941403, -0.0006660836721460511]"
6,"[3.0785276387199962, 0.0002630663623520771]"
8,"[3.0901247215236234, -0.00018647577729826324]"
9,"[3.132146156289005, -2.9853910262988683e-05]"
11,"[3.0973466549676245, -5.374211984356808e-05]"
12,"[-2.9493385968726433, -2.1301516130900214e-05]"
1,"[-1.5899633083784055, 0.0, 0]"
0,"[-1.7294516168773875, 1.4901161193847656e-08]"
2,"[1.9842491202596997, 1.6339930120736464e-05]"
3,"[-1.8406436620324853, -0.05892937291705401]"
5,"[3.0877047518352976, -0.0006860407758381441]"
6,"[-3.0878779473555804, 0.00036371083013735073]"
8,"[-3.087637212035932, -0.0002053965208823102]"
9,"[-3.0868267825905296, -0.00011057474919868561]"
11,"[-3.087517542783617, -8.427964648718408e-05]"
12,"[3.0906938347091475, 1.2209780888577557e-05]"
1,"[-0.03842275829036681, -0.00414160060699586, 0]"
0,"[-0.30873179309548093, 0.001689187582696758]"
2,"[1.985935701994014, 0.1164845216083931]"
3,"[-0.547541813902062, -0.2657937017389275]"
5,"[-3.087685211479772, -0.0006865385149884719]"
6,"[3.0973043446864006, 0.047199512021279165]"
8,"[3.087728101178323, -0.0002047052526103289]"
9,"[3.0341950167078826, 0.02464525300016222]"
11,"[3.087730733303152, 0.017075176530791453]"
12,"[2.9962259297316622, 0.025974935953154317]"
1,"[-1.5915601154450305, 0.0, 0]"
0,"[-1.717874682183299, 1.4901161193847656e-08]"
2,"[-3.0933787864999664, 0.00015671665796661985]"
3,"[-1.8038989709109199, 0.05125638620406453]"
5,"[3.087719220454374, -0.0006856723324308265]"
6,"[-3.0912793025920977, 0.00034755818582268833]"
8,"[-3.087676832516875, -0.00020509503544210818]"
9,"[1.7816277865851915, 2.219436795303817e-05]"
11,"[-3.0950326984801, -4.288978993768255e-05]"
12,"[-3.0471622885323697, 0.00012841303981468634]"
1,"[-1.5915601154450305, 0.0, 0]"
0,"[-1.7178747086453612, 1.4901161193847656e-08]"
2,"[3.087621243565179, 0.0002136160638068308]"
3,"[-1.841155529593051, -0.10787147271800838]"
5,"[-3.087684967992262, -0.0006865447182771784]"
6,"[3.087796491176245, 0.0003014250857575535]"
8,"[3.08772737314661, -0.00020471078561066057]"
9,"[-0.05550355084103343, 2.8585383434967613e-07]"
11,"[3.087592557318458, -5.915648578190824e-05]"
12,"[3.0885375630227494, 7.523818223742287e-05]"
1,"[-2.1295071644161387, -0.011024317250572133, 0]"
0,"[-0.26770204577409545, 1.4901161193847656e-08]"
2,"[-2.030095782958401, 0.045282361674445576]"
3,"[-0.404014643499457, -0.008853131426822343]"
5,"[2.7818259675448016, -0.037953304089229]"
6,"[-2.258788155159351, 0.06963461467262676]"
8,"[2.2865012589175224, -0.007244287291932232]"
9,"[-3.08861607082743, 0.008419624652303791]"
11,"[-2.0819574525696187, 0.008579985482228939]"
12,"[-1.529928907413278, -0.04371392637595903]"
1,"[2.214297435588181, 0.0, 0]"
0,"[-0.24124735896579563, 1.4901161193847656e-08]"
2,"[-1.321172404967865, -0.009070010947959381]"
3,"[-0.4580320495573896, -0.030437033088092477]"
5,"[2.610267585378892, 0.006340774845011976]"
6,"[-1.0896353013342726, 0.009117945717585786]"
8,"[1.4341928944216025, 0.007076829459930367]"
9,"[-1.572186888361419, -0.00035344302457979425]"
11,"[-0.9928509515835534, 0.002295641141965311]"
12,"[0.14863807638146373, -0.011874870437988837]"
1,"[2.214297435588181, 0.0, 0]"
0,"[-0.24124735896579563, 1.4901161193847656e-08]"
2,"[-1.302950786556005, -0.005877557595331316]"
3,"[-0.4369899718471318, -0.012536423811649348]"
5,"[2.6062624663866165, 0.006088258445353707]"
6,"[-1.059662986733593, 0.004798499954135308]"
8,"[1.4105050034015691, 0.004480776174165446]"
9,"[-1.5514192750775104, -0.00024172270593221174]"
11,"[-0.9585566449474359, 0.0011022181815586506]"
12,"[0.24468702590794134, 0.0005149327019062839]"
1,"[2.555041659702405, 0.013412569833345179, 0]"
0,"[-0.244800305169553, 0.020303881656574027]"
2,"[-1.2139090639937957, 0.16107634303468474]"
3,"[-0.36960091210864926, -0.17346621855511543]"
5,"[-2.582812215349113, 0.08221077008130247]"
6,"[-1.309574867903269, 0.015418453310673617]"
8,"[1.3949360459299323, -0.01766305009938375]"
9,"[-1.4698914359631607, 0.07260631295399268]"
11,"[-1.8103498172509203, -0.01568806683231857]"
12,"[0.2562597021773756, 0.03078514755337863]"
1,"[2.836294054781611, 2.1073424255447017e-08, 0]"
0,"[-0.186953562317178, 0.0]"
2,"[-1.7016304507972602, -0.006582607105014308]"
3,"[-0.1802637586316294, 0.004811449473980123]"
5,"[-1.4800273632264862, 0.022706555515527714]"
6,"[-1.472506057017112, 0.006288684015174773]"
8,"[1.5133619450105298, 0.004449361157741417]"
9,"[-2.8832456832844198, -0.0003134144927177379]"
11,"[-2.838231785270773, 0.00024067748244490508]"
12,"[0.022705598450100766, 0.005511561805476673]"
1,"[2.836294054781611, 2.1073424255447017e-08, 0]"
0,"[-0.186953562317178, 0.0]"
2,"[-1.7170504440165688, -0.008637561056343928]"
3,"[-0.19038653461368812, -0.006770713603937473]"
5,"[-1.4533146226986156, 0.013385969292164679]"
6,"[-1.4432248522661801, 0.003991079210141043]"
8,"[1.515530067209665, 0.0048456014114147804]"
9,"[-2.916614819554039, -0.0004637124528601326]"
11,"[-2.862043811470044, 0.0003417044027257377]"
12,"[-0.02139231192460348, 0.00019934422332042314]"
1,"[1.826822481757406, 0.006777951339124009, 0]"
0,"[-0.20225803595167255, 0.10112684977259213]"
2,"[-1.5516543211988656, 0.039361739436040544]"
3,"[-0.2662469567433968, -0.5842522816771618]"
5,"[3.1370903599956006, 0.06255530281903955]"
6,"[-1.196266005009912, 0.011043985991025185]"
8,"[1.672589351575626, 0.06371027241727283]"
9,"[-3.055869893230962, -0.12384120682243496]"
11,"[-2.5667843658517087, -0.04010778623377153]"
12,"[-0.028497103115400407, 0.004953498228246224]"
1,"[0.7250884745290153, 0.0, 0]"
0,"[0.14261490309643599, 1.4901161193847656e-08]"
2,"[-1.500604130274806, -0.010972617885375563]"
3,"[0.4988790533876434, -0.011063730728482747]"
5,"[1.4383855904161247, 0.02875139879516413]"
6,"[-0.9167787466740202, -0.0023088949831069593]"
8,"[1.420038506180773, 0.003982814774071073]"
9,"[-3.1177403432220383, 8.729936949496589e-05]"
11,"[-2.6495011112312046, 0.0010271682120816846]"
12,"[-0.09038362870982361, 0.00020017907957320069]"
1,"[0.7250884745290153, 0.0, 0]"
0,"[0.14261490309643599, 1.4901161193847656e-08]"
2,"[-1.5000259431716643, -0.010444332922408428]"
3,"[0.5259431418305495, 0.010683925256105904]"
5,"[1.3968885825054578, 0.013455993771158904]"
6,"[-0.9593694271751848, 0.003973077678792747]"
8,"[1.416648928159301, 0.0033483366492728646]"
9,"[3.1336109231810196, -9.171710108197285e-06]"
11,"[-2.6583899072373662, 0.001022720698147618]"
12,"[-0.09563588577480178, -0.0002507483722452419]"
1,"[0.6566764914603795, -0.024732489867008565, 0]"
0,"[3.133064731669016, 0.00166389197531406]"
2,"[-1.4299672363811573, 0.04429755921442036]"
3,"[0.7565215441946807, -0.5462697628638651]"
5,"[1.488966732485936, 0.1568673700085053]"
6,"[-0.995075587882971, -0.05050919040624521]"
8,"[1.607849844883053, 0.006016162212595701]"
9,"[2.8440214927538494, 0.0066192287775987315]"
11,"[-2.4088721026271074, 0.03096685253265981]"
12,"[-0.154434347298359, -0.005138747813629967]"
1,"[0.8613851005861939, 1.4901161193847656e-08, 0]"
0,"[-0.1662824637768833, 0.0]"
2,"[-1.473118277582699, -0.011414770594016434]"
3,"[1.7591584933599513, 0.0010915721558733922]"
5,"[1.2961420138598214, 0.012900292278231643]"
6,"[-1.3307677772890474, 0.003319064998832976]"
8,"[1.7758245558728605, 0.0025658857909741286]"
9,"[2.32466410889638, 0.0007344319971383711]"
11,"[-1.7884207307602638, 0.00205284381061948]"
12,"[-0.08978437788526486, -0.0010898517355411596]"
1,"[0.8613851005861939, 1.4901161193847656e-08, 0]"
0,"[-0.1662824637768833, 0.0]"
2,"[-1.4747983521409784, -0.011502008401153573]"
3,"[1.7761216266655575, 0.012136180834576018]"
5,"[1.292472867639003, 0.010768196393621128]"
6,"[-1.3422557103349382, 0.005526556027423366]"
8,"[1.7801946831774582, 0.002826204031122776]"
9,"[2.3212037318417904, 0.000632458868212121]"
11,"[-1.7686293141019538, 0.0015511574863752075]"
12,"[-0.06557046529425355, -0.00015121327695829595]"
1,"[0.8884586608552119, 0.004896357190769683, 0]"
0,"[-0.16893954069400766, 0.10620678616016639]"
2,"[-1.4431303603594432, -0.09763197767998072]"
3,"[2.0065783485229933, -0.2825790471380016]"
5,"[1.3021493432833773, 0.14835731299355798]"
6,"[-1.3167277248298568, -0.023968497563767274]"
8,"[1.7397976319038273, 0.02116109732238945]"
9,"[2.332080061545593, -0.035266405170089096]"
11,"[-1.70680548012455, -0.03507194448892139]"
12,"[-0.059931202739852175, -0.008924701340385184]"
1,"[0.861385022773016, 0.0, 0]"
0,"[-0.5908816742874397, 0.0]"
2,"[-1.2301618141464976, -0.012197617562591604]"
3,"[2.3714207407608483, 0.0018541551608253339]"
5,"[0.9412701658199598, 0.011481820402788206]"
6,"[-1.4254606915784664, 0.004099823514997561]"
8,"[1.5202798485327766, 0.003037497088359638]"
9,"[2.753725097669369, 0.0006296839732734222]"
11,"[-2.0934921247816405, 0.0016815853339014922]"
12,"[0.13861353644061739, 0.00053953630283693]"
1,"[0.861385022773016, 0.0, 0]"
0,"[-0.5908816742874397, 0.0]"
2,"[-1.223550018067343, -0.010701939559960244]"
3,"[2.3800078863437593, 0.0054751747753494845]"
5,"[0.931560148228375, 0.008063580661394778]"
6,"[-1.4346075969744305, 0.00619120515331572]"
8,"[1.5159559166589454, 0.002648171665124413]"
9,"[2.753225909663178, 0.0006785122504664279]"
11,"[-2.106655870468626, 0.002022991590842351]"
12,"[0.1310135535235573, 0.00024183532161583496]"
1,"[0.7919633852440904, -0.029721768646215813, 0]"
0,"[-0.5772623690118752, 0.2208465373992943]"
2,"[-1.2526238559396534, -0.08318855100471358]"
3,"[2.7917366040484297, -0.008796283623706673]"
5,"[1.049336766768164, 0.022939385869762095]"
6,"[-1.9785087369151104, -0.06708075130499142]"
8,"[2.060056881046923, 0.03255101770353535]"
9,"[3.00782055829167, -0.018823841938793173]"
11,"[-2.1933164139027976, 0.02326669355072011]"
12,"[0.27673108065005997, -0.019318532306349844]"
1,"[0.9956446652340025, 0.0, 0]"
0,"[-1.2325938747921426, 0.0]"
2,"[-1.097633801951256, -0.010318942057763104]"
3,"[-3.0697631722274865, -0.0004965334561804848]"
5,"[1.111334513000445, 0.006872024339298217]"
6,"[-2.67610476938381, 0.002393520192997984]"
8,"[2.3654875981112973, 0.0009401425809698588]"
9,"[-3.014563483962125, -0.00024354750439208755]"
11,"[-2.076683458273207, 0.0017068527213444805]"
12,"[1.5001939600882077, 6.189776989533678e-05]"
1,"[0.9956446652340025, 0.0, 0]"
0,"[-1.2325938747921426, 0.0]"
2,"[-1.0924371470482965, -0.009248353449881437]"
3,"[3.113390821466678, -0.0002431122459111969]"
5,"[1.1134014340332659, 0.007241869375109486]"
6,"[-2.690544269715937, 0.0029974270350959665]"
8,"[2.378863625529781, 0.0010488295729107493]"
9,"[-3.1117696257677245, 7.12025726687659e-05]"
11,"[-2.070593271593834, 0.0016336939307948037]"
12,"[1.5371073326262725, 0.0007021826356810058]"
1,"[0.9307765391088721, 0.031327956008547965, 0]"
0,"[-1.1686523567471085, 0.1323174841455388]"
2,"[-1.2222571943619096, -0.24026139802064456]"
3,"[-2.8213485611942835, 0.0884739052781323]"
5,"[1.137074407798978, 0.13612216851949197]"
6,"[-3.100384821539706, -0.4067529570578476]"
8,"[2.9290084145759376, -0.042919508391191304]"
9,"[-2.8557442065796934, 0.06618812067212411]"
11,"[-2.8828800229606633, -0.0888920732735796]"
12,"[-2.991217691303706, 0.032802768391821994]"
1,"[0.6080018786802891, 0.0, 0]"
0,"[-1.375342512077459, 0.0]"
2,"[-0.4195645159179546, -0.008006841045514931]"
3,"[-2.655547826966015, 0.006678900743461028]"
5,"[0.593088675075296, 0.007349132784289723]"
6,"[2.941550082369289, -0.0022090334938845175]"
8,"[-2.9016344754814614, -0.0006655520064152029]"
9,"[-1.6009000150467496, -0.001367565723952941]"
11,"[2.8508847284329213, -0.001154020695878836]"
12,"[0.2785999239288935, 0.005363032067300213]"
1,"[0.6080018786802891, 0.0, 0]"
0,"[-1.375342512077459, 0.0]"
2,"[-0.3908302242705873, -0.0028244351673703616]"
3,"[-2.63907745826024, 0.004629707307877429]"
5,"[0.5762944067102155, 0.0037711134702391913]"
6,"[3.031972550317848, 0.001401216563173983]"
8,"[-3.0111035554204046, 0.0003511303368642793]"
9,"[-1.7127047414000336, 0.0006290797168344971]"
11,"[2.943351560634591, 0.0008063282719835266]"
12,"[0.5996840492763652, -0.00011077221060590736]"
1,"[0.6294979904077684, -0.059707745831396986, 0]"
0,"[-1.3402441413278623, 0.30025645958564845]"
2,"[-0.37541039804038345, 0.181678992045373]"
3,"[-2.6064147932547654, 0.0022336882840690683]"
5,"[0.625264271768709, -0.12929742117604068]"
6,"[3.021243867436919, -0.09806024777099913]"
8,"[-3.0300507300244353, 0.02035242808846573]"
9,"[-1.5744071021299781, 0.0002734283180466805]"
11,"[2.9666179289309924, 0.013326909518675694]"
12,"[0.4892639203919807, 0.026566704339349777]"
1,"[1.1407665632998836, 0.0, 0]"
0,"[-1.7039326543465443, 0.0]"
2,"[-1.101955367971045, -0.00301478677695884]"
3,"[-2.5855532885443786, 0.0027033858221308595]"
5,"[1.322584545739638, 0.0030742616944483825]"
6,"[3.039183729494698, 0.0007770241400996701]"
8,"[-3.017510639285697, 0.00027405037902863993]"
9,"[-1.440537442431637, 0.0008759006865998285]"
11,"[2.9710417951038477, 0.0006751156091765533]"
12,"[1.161619925574889, -0.00046972922898091084]"
1,"[1.1407665632998836, 0.0, 0]"
0,"[-1.7039326543465443, 0.0]"
2,"[-1.1257504073788172, -0.0077330124158139744]"
3,"[-2.5971426392026142, 0.0047378912790124]"
5,"[1.3386621450270488, 0.006869063550359833]"
6,"[3.048043580818793, 0.0012313092927953256]"
8,"[-3.0132960477530464, 0.0002919533931856466]"
9,"[-1.4322577920725583, 0.0008239973842916378]"
11,"[2.972528738074015, 0.0006640676166091634]"
12,"[1.1764941459430875, -0.0011644533359895816]"
